rank,symbol,year,quarter,earnings_date,category,session,predicted,confidence,confidence_normalized,csv_t30_change,t30_actual,hit_result,status,elapsed_seconds,from_date,to_date,from_close,to_close,tag_financials,tag_past,tag_peers,main_summary,notes_financials,notes_past,notes_peers,raw_output,error
1,GL,2020,2,2020-07-23,RANDOM,AMC,N/A,0.0,0.0,,,NO_DATA,success,142.0,,,,,N/A,N/A,N/A,,,,,,
2,BEN,2025,1,2025-01-31,RANDOM,AMC,N/A,0.0,0.0,,,NO_DATA,success,132.4,,,,,N/A,N/A,N/A,,,,,,
3,OXY,2024,2,2024-08-09,RANDOM,AMC,N/A,0.0,0.0,,,NO_DATA,success,0.5,,,,,N/A,N/A,N/A,,,,,,
4,EPAM,2025,1,2025-05-08,RANDOM,AMC,N/A,0.0,0.0,,,NO_DATA,success,133.0,,,,,N/A,N/A,N/A,,,,,,
5,MLM,2024,2,2024-08-08,RANDOM,AMC,N/A,0.0,0.0,,,NO_DATA,success,1313.8,,,,,N/A,N/A,N/A,,,,,,
6,NKE,2025,1,2024-10-02,RANDOM,AMC,N/A,0.0,0.0,,,NO_DATA,success,109.8,,,,,N/A,N/A,N/A,,,,,,
7,F,2023,2,2023-07-27,RANDOM,AMC,N/A,0.0,0.0,,,NO_DATA,success,0.5,,,,,N/A,N/A,N/A,,,,,,
8,NTRS,2021,1,2021-04-20,RANDOM,AMC,N/A,0.0,0.0,,,NO_DATA,success,709.5,,,,,N/A,N/A,N/A,,,,,,
9,ADI,2024,2,2024-05-22,RANDOM,AMC,N/A,0.0,0.0,,,NO_DATA,success,120.1,,,,,N/A,N/A,N/A,,,,,,
10,ETN,2024,2,2024-08-01,RANDOM,AMC,N/A,0.0,0.0,,,NO_DATA,success,109.2,,,,,N/A,N/A,N/A,,,,,,
11,SBUX,2025,2,2025-04-30,RANDOM,AMC,N/A,0.0,0.0,,,NO_DATA,success,111.2,,,,,N/A,N/A,N/A,,,,,,
12,EME,2021,4,2022-02-28,RANDOM,AMC,N/A,0.0,0.0,,,NO_DATA,success,118.1,,,,,N/A,N/A,N/A,,,,,,
13,AMD,2022,4,2023-02-01,RANDOM,AMC,N/A,0.0,0.0,,,NO_DATA,success,133.4,,,,,N/A,N/A,N/A,,,,,,
14,AFL,2024,1,2024-05-02,RANDOM,AMC,N/A,0.0,0.0,,,NO_DATA,success,108.6,,,,,N/A,N/A,N/A,,,,,,
15,FRT,2020,1,2020-05-07,RANDOM,AMC,N/A,0.0,0.0,,,NO_DATA,success,0.6,,,,,N/A,N/A,N/A,,,,,,
16,XOM,2024,1,2024-04-26,RANDOM,AMC,N/A,0.0,0.0,,,NO_DATA,success,132.9,,,,,N/A,N/A,N/A,,,,,,
17,NXPI,2020,2,2020-07-28,RANDOM,AMC,N/A,0.0,0.0,,,NO_DATA,success,133.0,,,,,N/A,N/A,N/A,,,,,,
18,ERIE,2020,1,2020-05-08,RANDOM,AMC,N/A,0.0,0.0,,,NO_DATA,success,195.1,,,,,N/A,N/A,N/A,,,,,,
19,AVB,2025,1,2025-05-01,RANDOM,AMC,N/A,0.0,0.0,,,NO_DATA,success,105.8,,,,,N/A,N/A,N/A,,,,,,
20,CMCSA,2024,1,2024-04-25,RANDOM,AMC,N/A,0.0,0.0,,,NO_DATA,success,697.2,,,,,N/A,N/A,N/A,,,,,,
21,GNRC,2023,1,2023-05-03,RANDOM,AMC,N/A,0.0,0.0,,,NO_DATA,success,0.4,,,,,N/A,N/A,N/A,,,,,,
22,NXPI,2024,1,2024-04-30,RANDOM,AMC,N/A,0.0,0.0,,,NO_DATA,success,133.9,,,,,N/A,N/A,N/A,,,,,,
23,BX,2022,1,2022-04-21,RANDOM,AMC,N/A,0.0,0.0,,,NO_DATA,success,101.7,,,,,N/A,N/A,N/A,,,,,,
24,HAS,2023,1,2023-04-27,RANDOM,AMC,N/A,0.0,0.0,,,NO_DATA,success,0.5,,,,,N/A,N/A,N/A,,,,,,
25,HBAN,2024,2,2024-07-19,RANDOM,AMC,N/A,0.0,0.0,,,NO_DATA,success,113.3,,,,,N/A,N/A,N/A,,,,,,
26,OXY,2023,2,2023-08-04,RANDOM,AMC,N/A,0.0,0.0,,,NO_DATA,success,0.4,,,,,N/A,N/A,N/A,,,,,,
27,ELV,2021,3,2021-10-20,RANDOM,AMC,N/A,0.0,0.0,,,NO_DATA,success,110.1,,,,,N/A,N/A,N/A,,,,,,
28,IT,2023,2,2023-08-01,RANDOM,AMC,N/A,0.0,0.0,,,NO_DATA,success,0.5,,,,,N/A,N/A,N/A,,,,,,
29,EG,2025,2,2025-07-31,RANDOM,AMC,N/A,0.0,0.0,,,NO_DATA,success,104.0,,,,,N/A,N/A,N/A,,,,,,
30,LRCX,2023,1,2022-10-20,RANDOM,AMC,N/A,0.0,0.0,,,NO_DATA,success,0.5,,,,,N/A,N/A,N/A,,,,,,
31,MDLZ,2022,3,2022-11-02,RANDOM,AMC,N/A,0.0,0.0,,,NO_DATA,success,104.5,,,,,N/A,N/A,N/A,,,,,,
32,UAL,2021,4,2022-01-20,RANDOM,AMC,N/A,0.0,0.0,,,NO_DATA,success,126.4,,,,,N/A,N/A,N/A,,,,,,
33,CMCSA,2022,4,2023-01-26,RANDOM,AMC,N/A,0.0,0.0,,,NO_DATA,success,103.7,,,,,N/A,N/A,N/A,,,,,,
34,EVRG,2022,3,2022-11-04,RANDOM,AMC,N/A,0.0,0.0,,,NO_DATA,success,96.0,,,,,N/A,N/A,N/A,,,,,,
35,WSM,2022,1,2022-05-26,RANDOM,AMC,N/A,0.0,0.0,,,NO_DATA,success,184.4,,,,,N/A,N/A,N/A,,,,,,
36,PEG,2021,1,2021-05-06,RANDOM,AMC,N/A,0.0,0.0,,,NO_DATA,success,114.0,,,,,N/A,N/A,N/A,,,,,,
37,ZTS,2022,2,2022-08-04,RANDOM,AMC,N/A,0.0,0.0,,,NO_DATA,success,101.1,,,,,N/A,N/A,N/A,,,,,,
38,AEE,2020,2,2020-08-07,RANDOM,AMC,N/A,0.0,0.0,,,NO_DATA,success,94.6,,,,,N/A,N/A,N/A,,,,,,
39,DHR,2024,3,2024-10-22,RANDOM,AMC,N/A,0.0,0.0,,,NO_DATA,success,120.6,,,,,N/A,N/A,N/A,,,,,,
40,CFG,2023,4,2024-01-17,RANDOM,AMC,N/A,0.0,0.0,,,NO_DATA,success,149.1,,,,,N/A,N/A,N/A,,,,,,
41,CME,2022,2,2022-07-27,RANDOM,AMC,N/A,0.0,0.0,,,NO_DATA,success,110.5,,,,,N/A,N/A,N/A,,,,,,
42,BA,2022,1,2022-04-27,RANDOM,AMC,N/A,0.0,0.0,,,NO_DATA,success,83.9,,,,,N/A,N/A,N/A,,,,,,
43,PYPL,2020,2,2020-07-30,RANDOM,AMC,N/A,0.0,0.0,,,NO_DATA,success,89.4,,,,,N/A,N/A,N/A,,,,,,
44,SPG,2022,4,2023-02-07,RANDOM,AMC,N/A,0.0,0.0,,,NO_DATA,success,0.3,,,,,N/A,N/A,N/A,,,,,,
45,CSX,2022,2,2022-07-21,RANDOM,AMC,N/A,0.0,0.0,,,NO_DATA,success,112.7,,,,,N/A,N/A,N/A,,,,,,
46,DOC,2020,1,2020-05-07,RANDOM,AMC,N/A,0.0,0.0,,,NO_DATA,success,98.4,,,,,N/A,N/A,N/A,,,,,,
47,HOOD,2023,2,2023-08-03,RANDOM,AMC,N/A,0.0,0.0,,,NO_DATA,success,0.4,,,,,N/A,N/A,N/A,,,,,,
48,MDLZ,2021,1,2021-04-28,RANDOM,AMC,N/A,0.0,0.0,,,NO_DATA,success,120.7,,,,,N/A,N/A,N/A,,,,,,
49,AMP,2023,3,2023-10-26,RANDOM,AMC,N/A,0.0,0.0,,,NO_DATA,success,0.4,,,,,N/A,N/A,N/A,,,,,,
50,DHR,2022,4,2023-01-24,RANDOM,AMC,N/A,0.0,0.0,,,NO_DATA,success,112.4,,,,,N/A,N/A,N/A,,,,,,
51,APH,2021,4,2022-01-26,RANDOM,AMC,N/A,0.0,0.0,,,NO_DATA,success,111.6,,,,,N/A,N/A,N/A,,,,,,
52,GOOGL,2022,2,2022-07-27,RANDOM,AMC,N/A,0.0,0.0,,,NO_DATA,success,106.4,,,,,N/A,N/A,N/A,,,,,,
53,JNJ,2023,1,2023-04-18,RANDOM,AMC,N/A,0.0,0.0,,,NO_DATA,success,0.4,,,,,N/A,N/A,N/A,,,,,,
54,BX,2025,1,2025-04-17,RANDOM,AMC,N/A,0.0,0.0,,,NO_DATA,success,105.3,,,,,N/A,N/A,N/A,,,,,,
55,EG,2024,1,2024-04-30,RANDOM,AMC,N/A,0.0,0.0,,,NO_DATA,success,139.1,,,,,N/A,N/A,N/A,,,,,,
56,LYB,2024,4,2025-01-31,RANDOM,AMC,N/A,0.0,0.0,,,NO_DATA,success,125.9,,,,,N/A,N/A,N/A,,,,,,
57,INVH,2021,4,2022-02-16,RANDOM,AMC,N/A,0.0,0.0,,,NO_DATA,success,112.2,,,,,N/A,N/A,N/A,,,,,,
58,ROST,2021,3,2021-11-18,RANDOM,AMC,N/A,0.0,0.0,,,NO_DATA,success,97.0,,,,,N/A,N/A,N/A,,,,,,
59,SJM,2020,1,2019-08-27,RANDOM,AMC,N/A,0.0,0.0,,,NO_DATA,success,106.1,,,,,N/A,N/A,N/A,,,,,,
60,MDLZ,2025,2,2025-07-30,RANDOM,AMC,N/A,0.0,0.0,,,NO_DATA,success,89.1,,,,,N/A,N/A,N/A,,,,,,
61,XOM,2022,1,2022-04-29,RANDOM,AMC,N/A,0.0,0.0,,,NO_DATA,success,88.6,,,,,N/A,N/A,N/A,,,,,,
62,IP,2024,1,2024-04-25,RANDOM,AMC,N/A,0.0,0.0,,,NO_DATA,success,0.3,,,,,N/A,N/A,N/A,,,,,,
63,MCO,2024,3,2024-10-22,RANDOM,AMC,N/A,0.0,0.0,,,NO_DATA,success,139.4,,,,,N/A,N/A,N/A,,,,,,
64,CMCSA,2021,1,2021-04-29,RANDOM,AMC,N/A,0.0,0.0,,,NO_DATA,success,113.8,,,,,N/A,N/A,N/A,,,,,,
65,PFE,2022,1,2022-05-05,RANDOM,AMC,N/A,0.0,0.0,,,NO_DATA,success,104.4,,,,,N/A,N/A,N/A,,,,,,
66,BA,2021,2,2021-07-28,RANDOM,AMC,N/A,0.0,0.0,,,NO_DATA,success,129.1,,,,,N/A,N/A,N/A,,,,,,
67,CTRA,2023,1,2023-05-05,RANDOM,AMC,N/A,0.0,0.0,,,NO_DATA,success,0.9,,,,,N/A,N/A,N/A,,,,,,
68,AXP,2021,1,2021-04-23,RANDOM,AMC,N/A,0.0,0.0,,,NO_DATA,success,118.1,,,,,N/A,N/A,N/A,,,,,,
69,ZTS,2023,2,2023-08-08,RANDOM,AMC,N/A,0.0,0.0,,,NO_DATA,success,0.3,,,,,N/A,N/A,N/A,,,,,,
70,GDDY,2023,4,2024-02-14,RANDOM,AMC,N/A,0.0,0.0,,,NO_DATA,success,127.7,,,,,N/A,N/A,N/A,,,,,,
71,KR,2022,3,2021-12-02,RANDOM,AMC,N/A,0.0,0.0,,,NO_DATA,success,106.0,,,,,N/A,N/A,N/A,,,,,,
72,LHX,2020,1,2020-05-05,RANDOM,AMC,N/A,0.0,0.0,,,NO_DATA,success,131.6,,,,,N/A,N/A,N/A,,,,,,
73,GPN,2023,1,2023-05-01,RANDOM,AMC,N/A,0.0,0.0,,,NO_DATA,success,1.2,,,,,N/A,N/A,N/A,,,,,,
74,MRNA,2024,3,2024-11-07,RANDOM,AMC,N/A,0.0,0.0,,,NO_DATA,success,1.2,,,,,N/A,N/A,N/A,,,,,,
75,TYL,2023,2,2023-07-27,RANDOM,AMC,N/A,0.0,0.0,,,NO_DATA,success,1.2,,,,,N/A,N/A,N/A,,,,,,
76,SBUX,2021,3,2021-07-28,RANDOM,AMC,N/A,0.0,0.0,,,NO_DATA,success,119.4,,,,,N/A,N/A,N/A,,,,,,
77,MMC,2024,4,2025-01-30,RANDOM,AMC,N/A,0.0,0.0,,,NO_DATA,success,112.4,,,,,N/A,N/A,N/A,,,,,,
78,ETN,2021,4,2022-02-04,RANDOM,AMC,N/A,0.0,0.0,,,NO_DATA,success,124.7,,,,,N/A,N/A,N/A,,,,,,
79,MAA,2021,3,2021-10-28,RANDOM,AMC,N/A,0.0,0.0,,,NO_DATA,success,170.9,,,,,N/A,N/A,N/A,,,,,,
80,AKAM,2024,2,2024-08-09,RANDOM,AMC,N/A,0.0,0.0,,,NO_DATA,success,118.1,,,,,N/A,N/A,N/A,,,,,,
81,HPQ,2025,1,2025-02-28,RANDOM,AMC,N/A,0.0,0.0,,,NO_DATA,success,1.1,,,,,N/A,N/A,N/A,,,,,,
82,ULTA,2021,3,2021-12-03,RANDOM,AMC,N/A,0.0,0.0,,,NO_DATA,success,114.8,,,,,N/A,N/A,N/A,,,,,,
83,MTB,2023,4,2024-01-18,RANDOM,AMC,N/A,0.0,0.0,,,NO_DATA,success,117.6,,,,,N/A,N/A,N/A,,,,,,
84,NUE,2022,2,2022-07-22,RANDOM,AMC,N/A,0.0,0.0,,,NO_DATA,success,142.8,,,,,N/A,N/A,N/A,,,,,,
85,ODFL,2021,1,2021-04-22,RANDOM,AMC,N/A,0.0,0.0,,,NO_DATA,success,102.0,,,,,N/A,N/A,N/A,,,,,,
86,CPT,2023,1,2023-04-28,RANDOM,AMC,N/A,0.0,0.0,,,NO_DATA,success,1.4,,,,,N/A,N/A,N/A,,,,,,
87,WRB,2025,1,2025-04-22,RANDOM,AMC,N/A,0.0,0.0,,,NO_DATA,success,96.8,,,,,N/A,N/A,N/A,,,,,,
88,ITW,2025,1,2025-04-30,RANDOM,AMC,N/A,0.0,0.0,,,NO_DATA,success,120.2,,,,,N/A,N/A,N/A,,,,,,
89,AMGN,2020,1,2020-05-04,RANDOM,AMC,N/A,0.0,0.0,,,NO_DATA,success,132.0,,,,,N/A,N/A,N/A,,,,,,
90,ALB,2024,1,2024-05-02,RANDOM,AMC,N/A,0.0,0.0,,,NO_DATA,success,1.5,,,,,N/A,N/A,N/A,,,,,,
91,TGT,2020,2,2020-08-19,RANDOM,AMC,N/A,0.0,0.0,,,NO_DATA,success,104.6,,,,,N/A,N/A,N/A,,,,,,
92,BSX,2024,1,2024-04-24,RANDOM,AMC,N/A,0.0,0.0,,,NO_DATA,success,106.2,,,,,N/A,N/A,N/A,,,,,,
93,PNW,2022,2,2022-08-03,RANDOM,AMC,N/A,0.0,0.0,,,NO_DATA,success,144.4,,,,,N/A,N/A,N/A,,,,,,
94,CBRE,2020,2,2020-07-31,RANDOM,AMC,N/A,0.0,0.0,,,NO_DATA,success,116.7,,,,,N/A,N/A,N/A,,,,,,
95,PSX,2021,1,2021-05-03,RANDOM,AMC,N/A,0.0,0.0,,,NO_DATA,success,92.7,,,,,N/A,N/A,N/A,,,,,,
96,AEP,2022,2,2022-07-27,RANDOM,AMC,N/A,0.0,0.0,,,NO_DATA,success,116.5,,,,,N/A,N/A,N/A,,,,,,
97,JBL,2023,4,2023-09-28,RANDOM,AMC,N/A,0.0,0.0,,,NO_DATA,success,111.3,,,,,N/A,N/A,N/A,,,,,,
98,SWKS,2022,1,2022-02-04,RANDOM,AMC,N/A,0.0,0.0,,,NO_DATA,success,0.4,,,,,N/A,N/A,N/A,,,,,,
99,COP,2020,1,2020-04-30,RANDOM,AMC,N/A,0.0,0.0,,,NO_DATA,success,113.3,,,,,N/A,N/A,N/A,,,,,,
100,NXPI,2021,1,2021-04-27,RANDOM,AMC,N/A,0.0,0.0,,,NO_DATA,success,103.4,,,,,N/A,N/A,N/A,,,,,,
101,PCAR,2024,3,2024-10-22,RANDOM,AMC,N/A,0.0,0.0,,,NO_DATA,success,91.7,,,,,N/A,N/A,N/A,,,,,,
102,ADP,2021,4,2021-07-28,RANDOM,AMC,N/A,0.0,0.0,,,NO_DATA,success,95.1,,,,,N/A,N/A,N/A,,,,,,
103,PSKY,2024,1,2024-04-30,RANDOM,AMC,N/A,0.0,0.0,,,NO_DATA,success,74.2,,,,,N/A,N/A,N/A,,,,,,
104,GIS,2021,3,2021-03-24,RANDOM,AMC,N/A,0.0,0.0,,,NO_DATA,success,102.0,,,,,N/A,N/A,N/A,,,,,,
105,CMI,2025,2,2025-08-05,RANDOM,AMC,N/A,0.0,0.0,,,NO_DATA,success,91.8,,,,,N/A,N/A,N/A,,,,,,
106,LNT,2023,3,2023-11-03,RANDOM,AMC,N/A,0.0,0.0,,,NO_DATA,success,741.4,,,,,N/A,N/A,N/A,,,,,,
107,JCI,2025,2,2025-05-07,RANDOM,AMC,N/A,0.0,0.0,,,NO_DATA,success,79.3,,,,,N/A,N/A,N/A,,,,,,
108,LIN,2023,4,2024-02-06,RANDOM,AMC,N/A,0.0,0.0,,,NO_DATA,success,103.3,,,,,N/A,N/A,N/A,,,,,,
109,SBAC,2020,4,2021-02-23,RANDOM,AMC,N/A,0.0,0.0,,,NO_DATA,success,104.7,,,,,N/A,N/A,N/A,,,,,,
110,HLT,2020,3,2020-11-04,RANDOM,AMC,N/A,0.0,0.0,,,NO_DATA,success,84.5,,,,,N/A,N/A,N/A,,,,,,
111,ROST,2023,3,2023-11-16,RANDOM,AMC,N/A,0.0,0.0,,,NO_DATA,success,118.0,,,,,N/A,N/A,N/A,,,,,,
112,CMS,2020,3,2020-10-29,RANDOM,AMC,N/A,0.0,0.0,,,NO_DATA,success,90.6,,,,,N/A,N/A,N/A,,,,,,
113,LHX,2024,2,2024-07-26,RANDOM,AMC,N/A,0.0,0.0,,,NO_DATA,success,83.2,,,,,N/A,N/A,N/A,,,,,,
114,DG,2022,4,2023-03-16,RANDOM,AMC,N/A,0.0,0.0,,,NO_DATA,success,102.4,,,,,N/A,N/A,N/A,,,,,,
115,TGT,2020,1,2020-05-20,RANDOM,AMC,N/A,0.0,0.0,,,NO_DATA,success,94.3,,,,,N/A,N/A,N/A,,,,,,
116,CTSH,2021,1,2021-05-06,RANDOM,AMC,N/A,0.0,0.0,,,NO_DATA,success,86.1,,,,,N/A,N/A,N/A,,,,,,
117,AON,2025,1,2025-04-25,RANDOM,AMC,N/A,0.0,0.0,,,NO_DATA,success,93.7,,,,,N/A,N/A,N/A,,,,,,
118,CINF,2021,1,2021-04-29,RANDOM,AMC,N/A,0.0,0.0,,,NO_DATA,success,93.4,,,,,N/A,N/A,N/A,,,,,,
119,ES,2020,2,2020-07-31,RANDOM,AMC,N/A,0.0,0.0,,,NO_DATA,success,112.2,,,,,N/A,N/A,N/A,,,,,,
120,GPC,2022,2,2022-07-27,RANDOM,AMC,N/A,0.0,0.0,,,NO_DATA,success,108.1,,,,,N/A,N/A,N/A,,,,,,
121,SPGI,2021,1,2021-03-23,RANDOM,AMC,N/A,0.0,0.0,,,NO_DATA,success,99.0,,,,,N/A,N/A,N/A,,,,,,
122,KEY,2024,1,2024-04-18,RANDOM,AMC,N/A,0.0,0.0,,,NO_DATA,success,95.7,,,,,N/A,N/A,N/A,,,,,,
123,MPC,2023,3,2023-10-31,RANDOM,AMC,N/A,0.0,0.0,,,NO_DATA,success,124.3,,,,,N/A,N/A,N/A,,,,,,
124,T,2021,3,2021-10-21,RANDOM,AMC,N/A,0.0,0.0,,,NO_DATA,success,102.1,,,,,N/A,N/A,N/A,,,,,,
125,GLW,2024,3,2024-10-29,RANDOM,AMC,N/A,0.0,0.0,,,NO_DATA,success,94.6,,,,,N/A,N/A,N/A,,,,,,
126,CMCSA,2025,2,2025-07-31,RANDOM,AMC,N/A,0.0,0.0,,,NO_DATA,success,106.7,,,,,N/A,N/A,N/A,,,,,,
127,POOL,2024,3,2024-10-24,RANDOM,AMC,N/A,0.0,0.0,,,NO_DATA,success,84.0,,,,,N/A,N/A,N/A,,,,,,
128,GM,2023,4,2024-01-30,RANDOM,AMC,N/A,0.0,0.0,,,NO_DATA,success,109.1,,,,,N/A,N/A,N/A,,,,,,
129,CHRW,2024,3,2024-10-31,RANDOM,AMC,N/A,0.0,0.0,,,NO_DATA,success,96.3,,,,,N/A,N/A,N/A,,,,,,
130,BLK,2024,3,2024-10-11,RANDOM,AMC,N/A,0.0,0.0,,,NO_DATA,success,90.2,,,,,N/A,N/A,N/A,,,,,,
131,GPN,2020,2,2020-08-10,RANDOM,AMC,N/A,0.0,0.0,,,NO_DATA,success,111.5,,,,,N/A,N/A,N/A,,,,,,
132,INCY,2023,3,2023-10-31,RANDOM,AMC,N/A,0.0,0.0,,,NO_DATA,success,83.9,,,,,N/A,N/A,N/A,,,,,,
133,BG,2021,1,2021-05-04,RANDOM,AMC,N/A,0.0,0.0,,,NO_DATA,success,107.0,,,,,N/A,N/A,N/A,,,,,,
134,SO,2020,2,2020-07-30,RANDOM,AMC,N/A,0.0,0.0,,,NO_DATA,success,92.9,,,,,N/A,N/A,N/A,,,,,,
135,VLO,2025,1,2025-04-24,RANDOM,AMC,N/A,0.0,0.0,,,NO_DATA,success,112.3,,,,,N/A,N/A,N/A,,,,,,
136,ORCL,2025,1,2024-09-10,RANDOM,AMC,N/A,0.0,0.0,,,NO_DATA,success,93.3,,,,,N/A,N/A,N/A,,,,,,
137,DOC,2021,3,2021-11-05,RANDOM,AMC,N/A,0.0,0.0,,,NO_DATA,success,91.6,,,,,N/A,N/A,N/A,,,,,,
138,CNC,2024,3,2024-10-25,RANDOM,AMC,N/A,0.0,0.0,,,NO_DATA,success,92.6,,,,,N/A,N/A,N/A,,,,,,
139,ULTA,2023,3,2023-12-01,RANDOM,AMC,N/A,0.0,0.0,,,NO_DATA,success,716.6,,,,,N/A,N/A,N/A,,,,,,
140,STX,2024,1,2023-10-26,RANDOM,AMC,N/A,0.0,0.0,,,NO_DATA,success,92.3,,,,,N/A,N/A,N/A,,,,,,
141,BLK,2021,2,2021-07-14,RANDOM,AMC,N/A,0.0,0.0,,,NO_DATA,success,83.9,,,,,N/A,N/A,N/A,,,,,,
142,V,2020,3,2020-07-29,RANDOM,AMC,N/A,0.0,0.0,,,NO_DATA,success,104.0,,,,,N/A,N/A,N/A,,,,,,
143,FFIV,2020,4,2020-10-27,RANDOM,AMC,N/A,0.0,0.0,,,NO_DATA,success,109.5,,,,,N/A,N/A,N/A,,,,,,
144,KMB,2023,3,2023-10-24,RANDOM,AMC,N/A,0.0,0.0,,,NO_DATA,success,93.8,,,,,N/A,N/A,N/A,,,,,,
145,KO,2021,2,2021-07-21,RANDOM,AMC,N/A,0.0,0.0,,,NO_DATA,success,83.9,,,,,N/A,N/A,N/A,,,,,,
146,PWR,2021,2,2021-08-05,RANDOM,AMC,N/A,0.0,0.0,,,NO_DATA,success,0.4,,,,,N/A,N/A,N/A,,,,,,
147,EFX,2022,4,2023-02-09,RANDOM,AMC,N/A,0.0,0.0,,,NO_DATA,success,110.8,,,,,N/A,N/A,N/A,,,,,,
148,NFLX,2020,1,2020-04-22,RANDOM,AMC,N/A,0.0,0.0,,,NO_DATA,success,94.3,,,,,N/A,N/A,N/A,,,,,,
149,JNJ,2025,2,2025-07-16,RANDOM,AMC,N/A,0.0,0.0,,,NO_DATA,success,87.4,,,,,N/A,N/A,N/A,,,,,,
150,TGT,2023,3,2023-11-15,RANDOM,AMC,N/A,0.0,0.0,,,NO_DATA,success,113.0,,,,,N/A,N/A,N/A,,,,,,
151,CPAY,2020,3,2020-11-06,RANDOM,AMC,N/A,0.0,0.0,,,NO_DATA,success,92.0,,,,,N/A,N/A,N/A,,,,,,
152,CL,2023,2,2023-07-28,RANDOM,AMC,N/A,0.0,0.0,,,NO_DATA,success,0.4,,,,,N/A,N/A,N/A,,,,,,
153,CINF,2021,3,2021-10-28,RANDOM,AMC,N/A,0.0,0.0,,,NO_DATA,success,710.5,,,,,N/A,N/A,N/A,,,,,,
154,GPC,2023,3,2023-10-19,RANDOM,AMC,N/A,0.0,0.0,,,NO_DATA,success,0.4,,,,,N/A,N/A,N/A,,,,,,
155,TECH,2020,3,2020-05-01,RANDOM,AMC,N/A,0.0,0.0,,,NO_DATA,success,98.7,,,,,N/A,N/A,N/A,,,,,,
156,UNP,2022,1,2022-04-21,RANDOM,AMC,N/A,0.0,0.0,,,NO_DATA,success,112.5,,,,,N/A,N/A,N/A,,,,,,
157,HBAN,2020,1,2020-04-23,RANDOM,AMC,N/A,0.0,0.0,,,NO_DATA,success,0.4,,,,,N/A,N/A,N/A,,,,,,
158,HBAN,2020,3,2020-10-22,RANDOM,AMC,N/A,0.0,0.0,,,NO_DATA,success,0.4,,,,,N/A,N/A,N/A,,,,,,
159,LLY,2023,2,2023-08-08,RANDOM,AMC,N/A,0.0,0.0,,,NO_DATA,success,0.5,,,,,N/A,N/A,N/A,,,,,,
160,NCLH,2024,3,2024-10-31,RANDOM,AMC,N/A,0.0,0.0,,,NO_DATA,success,97.7,,,,,N/A,N/A,N/A,,,,,,
161,BKNG,2024,4,2025-02-21,RANDOM,AMC,N/A,0.0,0.0,,,NO_DATA,success,118.3,,,,,N/A,N/A,N/A,,,,,,
162,GNRC,2025,1,2025-04-30,RANDOM,AMC,N/A,0.0,0.0,,,NO_DATA,success,116.2,,,,,N/A,N/A,N/A,,,,,,
163,MRK,2020,4,2021-02-04,RANDOM,AMC,N/A,0.0,0.0,,,NO_DATA,success,129.3,,,,,N/A,N/A,N/A,,,,,,
164,CPAY,2021,2,2021-08-05,RANDOM,AMC,N/A,0.0,0.0,,,NO_DATA,success,101.6,,,,,N/A,N/A,N/A,,,,,,
165,MRK,2022,1,2022-04-28,RANDOM,AMC,N/A,0.0,0.0,,,NO_DATA,success,93.7,,,,,N/A,N/A,N/A,,,,,,
166,FCX,2022,4,2023-01-25,RANDOM,AMC,N/A,0.0,0.0,,,NO_DATA,success,88.7,,,,,N/A,N/A,N/A,,,,,,
167,FAST,2024,3,2024-10-11,RANDOM,AMC,N/A,0.0,0.0,,,NO_DATA,success,111.4,,,,,N/A,N/A,N/A,,,,,,
168,MCO,2023,3,2023-10-25,RANDOM,AMC,N/A,0.0,0.0,,,NO_DATA,success,97.0,,,,,N/A,N/A,N/A,,,,,,
169,PCG,2021,3,2021-11-01,RANDOM,AMC,N/A,0.0,0.0,,,NO_DATA,success,93.0,,,,,N/A,N/A,N/A,,,,,,
170,KO,2023,2,2023-07-26,RANDOM,AMC,N/A,0.0,0.0,,,NO_DATA,success,0.4,,,,,N/A,N/A,N/A,,,,,,
171,BMY,2024,1,2024-04-25,RANDOM,AMC,N/A,0.0,0.0,,,NO_DATA,success,129.0,,,,,N/A,N/A,N/A,,,,,,
172,AFL,2023,2,2023-08-02,RANDOM,AMC,N/A,0.0,0.0,,,NO_DATA,success,0.4,,,,,N/A,N/A,N/A,,,,,,
173,ORLY,2021,3,2021-10-28,RANDOM,AMC,N/A,0.0,0.0,,,NO_DATA,success,124.6,,,,,N/A,N/A,N/A,,,,,,
174,TEL,2021,4,2021-10-27,RANDOM,AMC,N/A,0.0,0.0,,,NO_DATA,success,105.1,,,,,N/A,N/A,N/A,,,,,,
175,MTB,2022,1,2022-04-20,RANDOM,AMC,N/A,0.0,0.0,,,NO_DATA,success,99.8,,,,,N/A,N/A,N/A,,,,,,
176,STLD,2020,2,2020-07-21,RANDOM,AMC,N/A,0.0,0.0,,,NO_DATA,success,96.6,,,,,N/A,N/A,N/A,,,,,,
177,MHK,2025,1,2025-05-02,RANDOM,AMC,N/A,0.0,0.0,,,NO_DATA,success,108.5,,,,,N/A,N/A,N/A,,,,,,
178,AFL,2024,3,2024-10-31,RANDOM,AMC,N/A,0.0,0.0,,,NO_DATA,success,93.2,,,,,N/A,N/A,N/A,,,,,,
179,ALB,2020,4,2021-02-18,RANDOM,AMC,N/A,0.0,0.0,,,NO_DATA,success,108.3,,,,,N/A,N/A,N/A,,,,,,
180,UNH,2023,2,2023-07-14,RANDOM,AMC,N/A,0.0,0.0,,,NO_DATA,success,0.4,,,,,N/A,N/A,N/A,,,,,,
181,MOS,2020,2,2020-08-04,RANDOM,AMC,N/A,0.0,0.0,,,NO_DATA,success,97.2,,,,,N/A,N/A,N/A,,,,,,
182,ORCL,2020,4,2020-06-17,RANDOM,AMC,N/A,0.0,0.0,,,NO_DATA,success,94.7,,,,,N/A,N/A,N/A,,,,,,
183,BLDR,2021,1,2021-05-10,RANDOM,AMC,N/A,0.0,0.0,,,NO_DATA,success,0.4,,,,,N/A,N/A,N/A,,,,,,
184,PSA,2025,1,2025-05-01,RANDOM,AMC,N/A,0.0,0.0,,,NO_DATA,success,147.2,,,,,N/A,N/A,N/A,,,,,,
185,EQIX,2023,2,2023-08-03,RANDOM,AMC,N/A,0.0,0.0,,,NO_DATA,success,0.5,,,,,N/A,N/A,N/A,,,,,,
186,TDG,2023,3,2023-08-08,RANDOM,AMC,N/A,0.0,0.0,,,NO_DATA,success,104.2,,,,,N/A,N/A,N/A,,,,,,
187,WELL,2024,1,2024-04-30,RANDOM,AMC,N/A,0.0,0.0,,,NO_DATA,success,103.2,,,,,N/A,N/A,N/A,,,,,,
188,HUBB,2024,1,2024-04-30,RANDOM,AMC,N/A,0.0,0.0,,,NO_DATA,success,102.5,,,,,N/A,N/A,N/A,,,,,,
189,EG,2024,3,2024-10-31,RANDOM,AMC,N/A,0.0,0.0,,,NO_DATA,success,97.5,,,,,N/A,N/A,N/A,,,,,,
190,IEX,2025,2,2025-07-30,RANDOM,AMC,N/A,0.0,0.0,,,NO_DATA,success,90.7,,,,,N/A,N/A,N/A,,,,,,
191,IR,2024,1,2024-05-03,RANDOM,AMC,N/A,0.0,0.0,,,NO_DATA,success,106.7,,,,,N/A,N/A,N/A,,,,,,
192,HIG,2024,2,2024-07-26,RANDOM,AMC,N/A,0.0,0.0,,,NO_DATA,success,107.2,,,,,N/A,N/A,N/A,,,,,,
193,KLAC,2022,2,2022-01-28,RANDOM,AMC,N/A,0.0,0.0,,,NO_DATA,success,113.9,,,,,N/A,N/A,N/A,,,,,,
194,ALLE,2021,2,2021-07-22,RANDOM,AMC,N/A,0.0,0.0,,,NO_DATA,success,89.5,,,,,N/A,N/A,N/A,,,,,,
195,FDS,2024,1,2023-12-19,RANDOM,AMC,N/A,0.0,0.0,,,NO_DATA,success,102.4,,,,,N/A,N/A,N/A,,,,,,
196,EQIX,2024,4,2025-02-13,RANDOM,AMC,N/A,0.0,0.0,,,NO_DATA,success,154.3,,,,,N/A,N/A,N/A,,,,,,
197,ADBE,2023,1,2023-03-16,RANDOM,AMC,N/A,0.0,0.0,,,NO_DATA,success,0.5,,,,,N/A,N/A,N/A,,,,,,
198,SMCI,2020,1,2019-11-15,RANDOM,AMC,N/A,0.0,0.0,,,NO_DATA,success,0.4,,,,,N/A,N/A,N/A,,,,,,
199,BKNG,2023,1,2023-05-05,RANDOM,AMC,N/A,0.0,0.0,,,NO_DATA,success,0.4,,,,,N/A,N/A,N/A,,,,,,
200,AVB,2022,1,2022-04-29,RANDOM,AMC,N/A,0.0,0.0,,,NO_DATA,success,0.4,,,,,N/A,N/A,N/A,,,,,,
201,SPG,2023,2,2023-08-03,RANDOM,AMC,N/A,0.0,0.0,,,NO_DATA,success,0.5,,,,,N/A,N/A,N/A,,,,,,
202,NDAQ,2023,4,2024-01-31,RANDOM,AMC,N/A,0.0,0.0,,,NO_DATA,success,105.4,,,,,N/A,N/A,N/A,,,,,,
203,MAA,2022,4,2023-02-02,RANDOM,AMC,N/A,0.0,0.0,,,NO_DATA,success,0.5,,,,,N/A,N/A,N/A,,,,,,
204,RF,2025,2,2025-07-18,RANDOM,AMC,N/A,0.0,0.0,,,NO_DATA,success,102.4,,,,,N/A,N/A,N/A,,,,,,
205,COF,2020,4,2021-01-27,RANDOM,AMC,N/A,0.0,0.0,,,NO_DATA,success,0.4,,,,,N/A,N/A,N/A,,,,,,
206,IEX,2023,4,2024-02-07,RANDOM,AMC,N/A,0.0,0.0,,,NO_DATA,success,124.6,,,,,N/A,N/A,N/A,,,,,,
207,WY,2023,2,2023-07-28,RANDOM,AMC,N/A,0.0,0.0,,,NO_DATA,success,0.8,,,,,N/A,N/A,N/A,,,,,,
208,ADM,2025,1,2025-05-06,RANDOM,AMC,N/A,0.0,0.0,,,NO_DATA,success,97.3,,,,,N/A,N/A,N/A,,,,,,
209,FIS,2022,1,2022-05-03,RANDOM,AMC,N/A,0.0,0.0,,,NO_DATA,success,92.6,,,,,N/A,N/A,N/A,,,,,,
210,C,2022,1,2022-04-14,RANDOM,AMC,N/A,0.0,0.0,,,NO_DATA,success,121.9,,,,,N/A,N/A,N/A,,,,,,
211,LIN,2025,2,2025-08-01,RANDOM,AMC,N/A,0.0,0.0,,,NO_DATA,success,140.7,,,,,N/A,N/A,N/A,,,,,,
212,FFIV,2023,4,2023-10-25,RANDOM,AMC,N/A,0.0,0.0,,,NO_DATA,success,686.8,,,,,N/A,N/A,N/A,,,,,,
213,ADSK,2023,3,2022-11-23,RANDOM,AMC,N/A,0.0,0.0,,,NO_DATA,success,0.4,,,,,N/A,N/A,N/A,,,,,,
214,TMUS,2020,4,2021-02-05,RANDOM,AMC,N/A,0.0,0.0,,,NO_DATA,success,713.6,,,,,N/A,N/A,N/A,,,,,,
215,CF,2023,4,2024-02-15,RANDOM,AMC,N/A,0.0,0.0,,,NO_DATA,success,138.4,,,,,N/A,N/A,N/A,,,,,,
216,MMM,2024,1,2024-04-30,RANDOM,AMC,N/A,0.0,0.0,,,NO_DATA,success,114.7,,,,,N/A,N/A,N/A,,,,,,
217,NUE,2022,1,2022-04-22,RANDOM,AMC,N/A,0.0,0.0,,,NO_DATA,success,0.5,,,,,N/A,N/A,N/A,,,,,,
218,SRE,2020,1,2020-05-04,RANDOM,AMC,N/A,0.0,0.0,,,NO_DATA,success,133.8,,,,,N/A,N/A,N/A,,,,,,
219,CDNS,2021,3,2021-10-26,RANDOM,AMC,N/A,0.0,0.0,,,NO_DATA,success,102.6,,,,,N/A,N/A,N/A,,,,,,
220,ON,2024,1,2024-04-29,RANDOM,AMC,N/A,0.0,0.0,,,NO_DATA,success,114.6,,,,,N/A,N/A,N/A,,,,,,
221,IVZ,2023,1,2023-04-25,RANDOM,AMC,N/A,0.0,0.0,,,NO_DATA,success,0.4,,,,,N/A,N/A,N/A,,,,,,
222,INTU,2025,1,2024-11-22,RANDOM,AMC,N/A,0.0,0.0,,,NO_DATA,success,108.3,,,,,N/A,N/A,N/A,,,,,,
223,CB,2024,4,2025-01-29,RANDOM,AMC,N/A,0.0,0.0,,,NO_DATA,success,108.2,,,,,N/A,N/A,N/A,,,,,,
224,AXON,2022,1,2022-05-11,RANDOM,AMC,N/A,0.0,0.0,,,NO_DATA,success,96.1,,,,,N/A,N/A,N/A,,,,,,
225,WM,2021,1,2021-04-27,RANDOM,AMC,N/A,0.0,0.0,,,NO_DATA,success,121.7,,,,,N/A,N/A,N/A,,,,,,
226,EVRG,2025,2,2025-08-07,RANDOM,AMC,N/A,0.0,0.0,,,NO_DATA,success,121.5,,,,,N/A,N/A,N/A,,,,,,
227,FOXA,2023,4,2023-08-08,RANDOM,AMC,N/A,0.0,0.0,,,NO_DATA,success,92.6,,,,,N/A,N/A,N/A,,,,,,
228,WMT,2022,2,2021-08-17,RANDOM,AMC,N/A,0.0,0.0,,,NO_DATA,success,119.3,,,,,N/A,N/A,N/A,,,,,,
229,WM,2024,4,2025-01-30,RANDOM,AMC,N/A,0.0,0.0,,,NO_DATA,success,119.4,,,,,N/A,N/A,N/A,,,,,,
230,AMAT,2025,1,2025-02-14,RANDOM,AMC,N/A,0.0,0.0,,,NO_DATA,success,118.8,,,,,N/A,N/A,N/A,,,,,,
231,IDXX,2021,4,2022-02-02,RANDOM,AMC,N/A,0.0,0.0,,,ERROR,exception,31.9,,,,,N/A,N/A,N/A,,,,,,Agentic RAG pipeline failure: 'str' object has no attribute 'choices'
232,DXCM,2020,4,2021-02-11,RANDOM,AMC,N/A,0.0,0.0,,,NO_DATA,success,140.3,,,,,N/A,N/A,N/A,,,,,,
233,PG,2025,1,2024-10-18,RANDOM,AMC,N/A,0.0,0.0,,,NO_DATA,success,107.5,,,,,N/A,N/A,N/A,,,,,,
234,HPE,2025,1,2025-03-07,RANDOM,AMC,N/A,0.0,0.0,,,NO_DATA,success,107.7,,,,,N/A,N/A,N/A,,,,,,
235,TXT,2023,1,2023-04-27,RANDOM,AMC,N/A,0.0,0.0,,,NO_DATA,success,0.4,,,,,N/A,N/A,N/A,,,,,,
236,URI,2024,2,2024-07-25,RANDOM,AMC,N/A,0.0,0.0,,,NO_DATA,success,118.1,,,,,N/A,N/A,N/A,,,,,,
237,TMO,2024,1,2024-04-24,RANDOM,AMC,N/A,0.0,0.0,,,NO_DATA,success,102.4,,,,,N/A,N/A,N/A,,,,,,
238,PFE,2020,4,2021-02-02,RANDOM,AMC,N/A,0.0,0.0,,,NO_DATA,success,107.7,,,,,N/A,N/A,N/A,,,,,,
239,EL,2022,1,2021-11-02,RANDOM,AMC,N/A,0.0,0.0,,,NO_DATA,success,91.8,,,,,N/A,N/A,N/A,,,,,,
240,AZO,2023,2,2023-02-28,RANDOM,AMC,N/A,0.0,0.0,,,NO_DATA,success,0.4,,,,,N/A,N/A,N/A,,,,,,
241,LEN,2021,2,2021-06-17,RANDOM,AMC,N/A,0.0,0.0,,,NO_DATA,success,129.2,,,,,N/A,N/A,N/A,,,,,,
242,INVH,2024,3,2024-11-01,RANDOM,AMC,N/A,0.0,0.0,,,NO_DATA,success,129.3,,,,,N/A,N/A,N/A,,,,,,
243,DOW,2024,4,2025-01-30,RANDOM,AMC,N/A,0.0,0.0,,,NO_DATA,success,101.4,,,,,N/A,N/A,N/A,,,,,,
244,D,2024,4,2025-02-12,RANDOM,AMC,N/A,0.0,0.0,,,NO_DATA,success,124.1,,,,,N/A,N/A,N/A,,,,,,
245,CL,2021,3,2021-10-29,RANDOM,AMC,N/A,0.0,0.0,,,NO_DATA,success,106.6,,,,,N/A,N/A,N/A,,,,,,
246,VST,2025,1,2025-05-07,RANDOM,AMC,N/A,0.0,0.0,,,NO_DATA,success,94.1,,,,,N/A,N/A,N/A,,,,,,
247,GD,2022,2,2022-07-27,RANDOM,AMC,N/A,0.0,0.0,,,NO_DATA,success,106.8,,,,,N/A,N/A,N/A,,,,,,
248,NXPI,2020,3,2020-10-27,RANDOM,AMC,N/A,0.0,0.0,,,NO_DATA,success,112.9,,,,,N/A,N/A,N/A,,,,,,
249,PHM,2024,4,2025-01-30,RANDOM,AMC,N/A,0.0,0.0,,,NO_DATA,success,103.3,,,,,N/A,N/A,N/A,,,,,,
250,INCY,2021,3,2021-11-02,RANDOM,AMC,N/A,0.0,0.0,,,NO_DATA,success,108.2,,,,,N/A,N/A,N/A,,,,,,
251,SOLV,2024,2,2024-08-12,RANDOM,AMC,N/A,0.0,0.0,,,NO_DATA,success,0.9,,,,,N/A,N/A,N/A,,,,,,
252,ODFL,2024,1,2024-04-24,RANDOM,AMC,N/A,0.0,0.0,,,NO_DATA,success,0.7,,,,,N/A,N/A,N/A,,,,,,
253,COF,2022,4,2023-01-25,RANDOM,AMC,N/A,0.0,0.0,,,NO_DATA,success,118.4,,,,,N/A,N/A,N/A,,,,,,
254,AZO,2020,3,2020-05-26,RANDOM,AMC,N/A,0.0,0.0,,,NO_DATA,success,105.8,,,,,N/A,N/A,N/A,,,,,,
255,OXY,2024,1,2024-05-09,RANDOM,AMC,N/A,0.0,0.0,,,NO_DATA,success,125.6,,,,,N/A,N/A,N/A,,,,,,
256,CL,2022,3,2022-10-28,RANDOM,AMC,N/A,0.0,0.0,,,NO_DATA,success,102.6,,,,,N/A,N/A,N/A,,,,,,
257,ICE,2023,1,2023-05-04,RANDOM,AMC,N/A,0.0,0.0,,,NO_DATA,success,0.6,,,,,N/A,N/A,N/A,,,,,,
258,SHW,2020,4,2021-01-28,RANDOM,AMC,N/A,0.0,0.0,,,NO_DATA,success,140.1,,,,,N/A,N/A,N/A,,,,,,
259,C,2024,3,2024-10-15,RANDOM,AMC,N/A,0.0,0.0,,,NO_DATA,success,130.0,,,,,N/A,N/A,N/A,,,,,,
260,JBL,2024,3,2024-06-20,RANDOM,AMC,N/A,0.0,0.0,,,NO_DATA,success,130.4,,,,,N/A,N/A,N/A,,,,,,
261,MAR,2023,2,2023-08-01,RANDOM,AMC,N/A,0.0,0.0,,,NO_DATA,success,0.8,,,,,N/A,N/A,N/A,,,,,,
262,ALLE,2020,2,2020-07-23,RANDOM,AMC,N/A,0.0,0.0,,,NO_DATA,success,112.0,,,,,N/A,N/A,N/A,,,,,,
263,NTAP,2021,4,2021-06-03,RANDOM,AMC,N/A,0.0,0.0,,,NO_DATA,success,119.9,,,,,N/A,N/A,N/A,,,,,,
264,GILD,2024,4,2025-02-12,RANDOM,AMC,N/A,0.0,0.0,,,NO_DATA,success,143.0,,,,,N/A,N/A,N/A,,,,,,
265,DVA,2023,4,2024-02-14,RANDOM,AMC,N/A,0.0,0.0,,,NO_DATA,success,126.2,,,,,N/A,N/A,N/A,,,,,,
266,CPT,2025,2,2025-08-01,RANDOM,AMC,N/A,0.0,0.0,,,NO_DATA,success,116.9,,,,,N/A,N/A,N/A,,,,,,
267,PLD,2022,3,2022-10-19,RANDOM,AMC,N/A,0.0,0.0,,,NO_DATA,success,115.8,,,,,N/A,N/A,N/A,,,,,,
268,EXR,2025,1,2025-04-30,RANDOM,AMC,N/A,0.0,0.0,,,NO_DATA,success,106.4,,,,,N/A,N/A,N/A,,,,,,
269,EW,2021,4,2022-01-27,RANDOM,AMC,N/A,0.0,0.0,,,NO_DATA,success,141.5,,,,,N/A,N/A,N/A,,,,,,
270,ES,2024,3,2024-11-05,RANDOM,AMC,N/A,0.0,0.0,,,NO_DATA,success,118.9,,,,,N/A,N/A,N/A,,,,,,
271,COP,2023,3,2023-11-02,RANDOM,AMC,N/A,0.0,0.0,,,NO_DATA,success,1.1,,,,,N/A,N/A,N/A,,,,,,
272,IEX,2024,3,2024-10-30,RANDOM,AMC,N/A,0.0,0.0,,,NO_DATA,success,140.9,,,,,N/A,N/A,N/A,,,,,,
273,AOS,2020,3,2020-10-29,RANDOM,AMC,N/A,0.0,0.0,,,NO_DATA,success,104.2,,,,,N/A,N/A,N/A,,,,,,
274,VICI,2021,2,2021-07-29,RANDOM,AMC,N/A,0.0,0.0,,,NO_DATA,success,106.1,,,,,N/A,N/A,N/A,,,,,,
275,STLD,2024,2,2024-07-18,RANDOM,AMC,N/A,0.0,0.0,,,NO_DATA,success,115.0,,,,,N/A,N/A,N/A,,,,,,
276,PODD,2021,1,2021-05-10,RANDOM,AMC,N/A,0.0,0.0,,,NO_DATA,success,0.7,,,,,N/A,N/A,N/A,,,,,,
277,PRU,2024,4,2025-02-05,RANDOM,AMC,N/A,0.0,0.0,,,NO_DATA,success,123.7,,,,,N/A,N/A,N/A,,,,,,
278,BAX,2023,1,2023-04-27,RANDOM,AMC,N/A,0.0,0.0,,,NO_DATA,success,0.7,,,,,N/A,N/A,N/A,,,,,,
279,ROP,2021,4,2022-02-02,RANDOM,AMC,N/A,0.0,0.0,,,NO_DATA,success,99.3,,,,,N/A,N/A,N/A,,,,,,
280,MMC,2021,4,2022-01-27,RANDOM,AMC,N/A,0.0,0.0,,,NO_DATA,success,122.1,,,,,N/A,N/A,N/A,,,,,,
281,AIG,2021,2,2021-08-06,RANDOM,AMC,N/A,0.0,0.0,,,NO_DATA,success,115.7,,,,,N/A,N/A,N/A,,,,,,
282,SWK,2023,3,2023-10-27,RANDOM,AMC,N/A,0.0,0.0,,,NO_DATA,success,117.2,,,,,N/A,N/A,N/A,,,,,,
283,CHD,2021,1,2021-04-29,RANDOM,AMC,N/A,0.0,0.0,,,NO_DATA,success,99.7,,,,,N/A,N/A,N/A,,,,,,
284,DD,2023,3,2023-11-01,RANDOM,AMC,N/A,0.0,0.0,,,NO_DATA,success,0.6,,,,,N/A,N/A,N/A,,,,,,
285,RJF,2021,3,2021-10-21,RANDOM,AMC,N/A,0.0,0.0,,,NO_DATA,success,135.5,,,,,N/A,N/A,N/A,,,,,,
286,HLT,2023,2,2023-07-26,RANDOM,AMC,N/A,0.0,0.0,,,NO_DATA,success,0.7,,,,,N/A,N/A,N/A,,,,,,
287,CSGP,2024,4,2025-02-19,RANDOM,AMC,N/A,0.0,0.0,,,NO_DATA,success,119.3,,,,,N/A,N/A,N/A,,,,,,
288,J,2024,1,2024-02-06,RANDOM,AMC,N/A,0.0,0.0,,,NO_DATA,success,131.4,,,,,N/A,N/A,N/A,,,,,,
289,HPQ,2021,3,2021-08-30,RANDOM,AMC,N/A,0.0,0.0,,,NO_DATA,success,97.1,,,,,N/A,N/A,N/A,,,,,,
290,ORLY,2024,1,2024-04-25,RANDOM,AMC,N/A,0.0,0.0,,,NO_DATA,success,129.1,,,,,N/A,N/A,N/A,,,,,,
291,WDC,2025,2,2025-01-30,RANDOM,AMC,N/A,0.0,0.0,,,NO_DATA,success,120.6,,,,,N/A,N/A,N/A,,,,,,
292,CMI,2021,1,2021-02-03,RANDOM,AMC,N/A,0.0,0.0,,,NO_DATA,success,111.5,,,,,N/A,N/A,N/A,,,,,,
293,VST,2023,3,2023-11-07,RANDOM,AMC,N/A,0.0,0.0,,,NO_DATA,success,140.2,,,,,N/A,N/A,N/A,,,,,,
294,BAX,2021,3,2021-07-30,RANDOM,AMC,N/A,0.0,0.0,,,NO_DATA,success,148.3,,,,,N/A,N/A,N/A,,,,,,
295,IVZ,2022,1,2022-04-26,RANDOM,AMC,N/A,0.0,0.0,,,NO_DATA,success,143.2,,,,,N/A,N/A,N/A,,,,,,
296,CHD,2023,2,2023-07-28,RANDOM,AMC,N/A,0.0,0.0,,,NO_DATA,success,0.7,,,,,N/A,N/A,N/A,,,,,,
297,ETR,2021,3,2021-11-03,RANDOM,AMC,N/A,0.0,0.0,,,NO_DATA,success,112.5,,,,,N/A,N/A,N/A,,,,,,
298,TKO,2024,2,2024-08-09,RANDOM,AMC,N/A,0.0,0.0,,,NO_DATA,success,132.3,,,,,N/A,N/A,N/A,,,,,,
299,FDX,2022,2,2021-12-17,RANDOM,AMC,N/A,0.0,0.0,,,NO_DATA,success,149.2,,,,,N/A,N/A,N/A,,,,,,
300,UAL,2024,2,2024-07-18,RANDOM,AMC,N/A,0.0,0.0,,,NO_DATA,success,113.2,,,,,N/A,N/A,N/A,,,,,,
301,INVH,2024,4,2025-02-28,RANDOM,AMC,N/A,0.0,0.0,,,NO_DATA,success,110.2,,,,,N/A,N/A,N/A,,,,,,
302,CAT,2020,4,2021-01-29,RANDOM,AMC,N/A,0.0,0.0,,,NO_DATA,success,0.7,,,,,N/A,N/A,N/A,,,,,,
303,HSIC,2024,1,2024-05-07,RANDOM,AMC,N/A,0.0,0.0,,,NO_DATA,success,116.2,,,,,N/A,N/A,N/A,,,,,,
304,TSLA,2023,1,2023-04-20,RANDOM,AMC,N/A,0.0,0.0,,,NO_DATA,success,0.8,,,,,N/A,N/A,N/A,,,,,,
305,NTRS,2024,2,2024-07-17,RANDOM,AMC,N/A,0.0,0.0,,,NO_DATA,success,111.4,,,,,N/A,N/A,N/A,,,,,,
306,GOOGL,2023,3,2023-10-25,RANDOM,AMC,N/A,0.0,0.0,,,NO_DATA,success,0.7,,,,,N/A,N/A,N/A,,,,,,
307,CDNS,2020,4,2021-02-23,RANDOM,AMC,N/A,0.0,0.0,,,NO_DATA,success,135.4,,,,,N/A,N/A,N/A,,,,,,
308,CBRE,2023,3,2023-10-27,RANDOM,AMC,N/A,0.0,0.0,,,NO_DATA,success,0.8,,,,,N/A,N/A,N/A,,,,,,
309,FICO,2024,1,2024-01-26,RANDOM,AMC,N/A,0.0,0.0,,,NO_DATA,success,0.7,,,,,N/A,N/A,N/A,,,,,,
310,ELV,2023,1,2023-04-19,RANDOM,AMC,N/A,0.0,0.0,,,NO_DATA,success,0.7,,,,,N/A,N/A,N/A,,,,,,
311,ALGN,2020,4,2021-02-05,RANDOM,AMC,N/A,0.0,0.0,,,NO_DATA,success,101.5,,,,,N/A,N/A,N/A,,,,,,
312,ROK,2022,3,2022-07-27,RANDOM,AMC,N/A,0.0,0.0,,,NO_DATA,success,122.4,,,,,N/A,N/A,N/A,,,,,,
313,ETR,2025,2,2025-07-30,RANDOM,AMC,N/A,0.0,0.0,,,NO_DATA,success,126.7,,,,,N/A,N/A,N/A,,,,,,
314,HOOD,2025,2,2025-08-01,RANDOM,AMC,N/A,0.0,0.0,,,NO_DATA,success,121.7,,,,,N/A,N/A,N/A,,,,,,
315,CRL,2024,1,2024-05-09,RANDOM,AMC,N/A,0.0,0.0,,,NO_DATA,success,146.5,,,,,N/A,N/A,N/A,,,,,,
316,TMUS,2020,2,2020-08-10,RANDOM,AMC,N/A,0.0,0.0,,,NO_DATA,success,122.2,,,,,N/A,N/A,N/A,,,,,,
317,RJF,2020,2,2020-05-01,RANDOM,AMC,N/A,0.0,0.0,,,NO_DATA,success,130.3,,,,,N/A,N/A,N/A,,,,,,
318,D,2023,3,2023-11-03,RANDOM,AMC,N/A,0.0,0.0,,,NO_DATA,success,1.0,,,,,N/A,N/A,N/A,,,,,,
319,ACN,2024,4,2024-09-26,RANDOM,AMC,N/A,0.0,0.0,,,NO_DATA,success,130.1,,,,,N/A,N/A,N/A,,,,,,
320,KHC,2021,2,2021-08-04,RANDOM,AMC,N/A,0.0,0.0,,,NO_DATA,success,101.1,,,,,N/A,N/A,N/A,,,,,,
321,GD,2021,1,2021-04-28,RANDOM,AMC,N/A,0.0,0.0,,,NO_DATA,success,122.0,,,,,N/A,N/A,N/A,,,,,,
322,GLW,2021,4,2022-01-26,RANDOM,AMC,N/A,0.0,0.0,,,NO_DATA,success,138.4,,,,,N/A,N/A,N/A,,,,,,
323,ZBRA,2020,4,2021-02-11,RANDOM,AMC,N/A,0.0,0.0,,,NO_DATA,success,126.0,,,,,N/A,N/A,N/A,,,,,,
324,HCA,2020,2,2020-07-22,RANDOM,AMC,N/A,0.0,0.0,,,NO_DATA,success,110.1,,,,,N/A,N/A,N/A,,,,,,
325,TXN,2025,1,2025-04-24,RANDOM,AMC,N/A,0.0,0.0,,,NO_DATA,success,121.1,,,,,N/A,N/A,N/A,,,,,,
326,CHTR,2021,2,2021-07-30,RANDOM,AMC,N/A,0.0,0.0,,,NO_DATA,success,135.4,,,,,N/A,N/A,N/A,,,,,,
327,EIX,2020,2,2020-07-29,RANDOM,AMC,N/A,0.0,0.0,,,NO_DATA,success,126.2,,,,,N/A,N/A,N/A,,,,,,
328,COST,2023,4,2023-09-27,RANDOM,AMC,N/A,0.0,0.0,,,NO_DATA,success,144.8,,,,,N/A,N/A,N/A,,,,,,
329,HIG,2021,1,2021-04-22,RANDOM,AMC,N/A,0.0,0.0,,,NO_DATA,success,100.4,,,,,N/A,N/A,N/A,,,,,,
330,PNW,2025,1,2025-05-01,RANDOM,AMC,N/A,0.0,0.0,,,NO_DATA,success,139.9,,,,,N/A,N/A,N/A,,,,,,
331,GOOGL,2020,3,2020-10-30,RANDOM,AMC,N/A,0.0,0.0,,,NO_DATA,success,84.9,,,,,N/A,N/A,N/A,,,,,,
332,PAYC,2021,2,2021-08-04,RANDOM,AMC,N/A,0.0,0.0,,,NO_DATA,success,122.4,,,,,N/A,N/A,N/A,,,,,,
333,AOS,2022,3,2022-10-27,RANDOM,AMC,N/A,0.0,0.0,,,NO_DATA,success,105.8,,,,,N/A,N/A,N/A,,,,,,
334,MET,2021,2,2021-08-05,RANDOM,AMC,N/A,0.0,0.0,,,NO_DATA,success,135.2,,,,,N/A,N/A,N/A,,,,,,
335,PSX,2024,2,2024-07-30,RANDOM,AMC,N/A,0.0,0.0,,,NO_DATA,success,0.6,,,,,N/A,N/A,N/A,,,,,,
336,CPT,2020,3,2020-10-30,RANDOM,AMC,N/A,0.0,0.0,,,NO_DATA,success,99.0,,,,,N/A,N/A,N/A,,,,,,
337,LKQ,2024,3,2024-10-24,RANDOM,AMC,N/A,0.0,0.0,,,NO_DATA,success,129.0,,,,,N/A,N/A,N/A,,,,,,
338,CHRW,2021,1,2021-04-28,RANDOM,AMC,N/A,0.0,0.0,,,NO_DATA,success,138.4,,,,,N/A,N/A,N/A,,,,,,
339,POOL,2023,3,2023-10-19,RANDOM,AMC,N/A,0.0,0.0,,,NO_DATA,success,123.6,,,,,N/A,N/A,N/A,,,,,,
340,MSCI,2025,1,2025-04-22,RANDOM,AMC,N/A,0.0,0.0,,,NO_DATA,success,116.5,,,,,N/A,N/A,N/A,,,,,,
341,CDW,2025,1,2025-05-07,RANDOM,AMC,N/A,0.0,0.0,,,NO_DATA,success,119.8,,,,,N/A,N/A,N/A,,,,,,
342,DVN,2023,4,2024-02-28,RANDOM,AMC,N/A,0.0,0.0,,,NO_DATA,success,0.7,,,,,N/A,N/A,N/A,,,,,,
343,DHI,2023,2,2023-04-20,RANDOM,AMC,N/A,0.0,0.0,,,NO_DATA,success,0.6,,,,,N/A,N/A,N/A,,,,,,
344,KMB,2024,3,2024-10-22,RANDOM,AMC,N/A,0.0,0.0,,,NO_DATA,success,115.9,,,,,N/A,N/A,N/A,,,,,,
345,SWK,2023,4,2024-02-01,RANDOM,AMC,N/A,0.0,0.0,,,NO_DATA,success,116.6,,,,,N/A,N/A,N/A,,,,,,
346,MDT,2020,3,2020-02-18,RANDOM,AMC,N/A,0.0,0.0,,,NO_DATA,success,110.4,,,,,N/A,N/A,N/A,,,,,,
347,ROP,2023,2,2023-07-21,RANDOM,AMC,N/A,0.0,0.0,,,NO_DATA,success,0.6,,,,,N/A,N/A,N/A,,,,,,
348,MRK,2024,4,2025-02-04,RANDOM,AMC,N/A,0.0,0.0,,,NO_DATA,success,133.2,,,,,N/A,N/A,N/A,,,,,,
349,DLR,2023,1,2023-04-28,RANDOM,AMC,N/A,0.0,0.0,,,NO_DATA,success,0.8,,,,,N/A,N/A,N/A,,,,,,
350,ORCL,2024,1,2023-09-12,RANDOM,AMC,N/A,0.0,0.0,,,NO_DATA,success,109.0,,,,,N/A,N/A,N/A,,,,,,
351,CPT,2025,1,2025-05-02,RANDOM,AMC,N/A,0.0,0.0,,,NO_DATA,success,127.9,,,,,N/A,N/A,N/A,,,,,,
352,FE,2023,2,2023-08-02,RANDOM,AMC,N/A,0.0,0.0,,,NO_DATA,success,0.7,,,,,N/A,N/A,N/A,,,,,,
353,LKQ,2025,2,2025-07-24,RANDOM,AMC,N/A,0.0,0.0,,,NO_DATA,success,116.1,,,,,N/A,N/A,N/A,,,,,,
354,DPZ,2023,2,2023-07-24,RANDOM,AMC,N/A,0.0,0.0,,,NO_DATA,success,0.6,,,,,N/A,N/A,N/A,,,,,,
355,AOS,2021,4,2022-01-27,RANDOM,AMC,N/A,0.0,0.0,,,NO_DATA,success,109.6,,,,,N/A,N/A,N/A,,,,,,
356,ADBE,2024,1,2024-03-15,RANDOM,AMC,N/A,0.0,0.0,,,NO_DATA,success,128.6,,,,,N/A,N/A,N/A,,,,,,
357,BALL,2022,1,2022-05-05,RANDOM,AMC,N/A,0.0,0.0,,,NO_DATA,success,110.9,,,,,N/A,N/A,N/A,,,,,,
358,MMC,2020,3,2020-10-30,RANDOM,AMC,N/A,0.0,0.0,,,NO_DATA,success,100.5,,,,,N/A,N/A,N/A,,,,,,
359,AME,2024,2,2024-08-01,RANDOM,AMC,N/A,0.0,0.0,,,NO_DATA,success,92.1,,,,,N/A,N/A,N/A,,,,,,
360,NTRS,2024,1,2024-04-16,RANDOM,AMC,N/A,0.0,0.0,,,NO_DATA,success,116.3,,,,,N/A,N/A,N/A,,,,,,
361,CCI,2023,3,2023-10-19,RANDOM,AMC,N/A,0.0,0.0,,,NO_DATA,success,0.8,,,,,N/A,N/A,N/A,,,,,,
362,COIN,2024,3,2024-10-31,RANDOM,AMC,N/A,0.0,0.0,,,NO_DATA,success,0.8,,,,,N/A,N/A,N/A,,,,,,
363,LRCX,2023,3,2023-04-20,RANDOM,AMC,N/A,0.0,0.0,,,NO_DATA,success,0.7,,,,,N/A,N/A,N/A,,,,,,
364,JBL,2022,1,2021-12-16,RANDOM,AMC,N/A,0.0,0.0,,,NO_DATA,success,134.5,,,,,N/A,N/A,N/A,,,,,,
365,ADM,2021,1,2021-04-27,RANDOM,AMC,N/A,0.0,0.0,,,NO_DATA,success,94.4,,,,,N/A,N/A,N/A,,,,,,
366,TPR,2025,2,2025-02-06,RANDOM,AMC,N/A,0.0,0.0,,,NO_DATA,success,105.1,,,,,N/A,N/A,N/A,,,,,,
367,MLM,2020,1,2020-05-05,RANDOM,AMC,N/A,0.0,0.0,,,NO_DATA,success,122.3,,,,,N/A,N/A,N/A,,,,,,
368,BG,2023,1,2023-05-03,RANDOM,AMC,N/A,0.0,0.0,,,NO_DATA,success,0.6,,,,,N/A,N/A,N/A,,,,,,
369,TDG,2023,4,2023-11-09,RANDOM,AMC,N/A,0.0,0.0,,,NO_DATA,success,141.9,,,,,N/A,N/A,N/A,,,,,,
370,DECK,2025,1,2024-07-26,RANDOM,AMC,N/A,0.0,0.0,,,NO_DATA,success,114.9,,,,,N/A,N/A,N/A,,,,,,
371,BK,2022,1,2022-04-18,RANDOM,AMC,N/A,0.0,0.0,,,NO_DATA,success,116.2,,,,,N/A,N/A,N/A,,,,,,
372,DVA,2021,1,2021-04-30,RANDOM,AMC,N/A,0.0,0.0,,,NO_DATA,success,97.4,,,,,N/A,N/A,N/A,,,,,,
373,MO,2020,2,2020-07-28,RANDOM,AMC,N/A,0.0,0.0,,,NO_DATA,success,115.8,,,,,N/A,N/A,N/A,,,,,,
374,FDX,2024,2,2023-12-20,RANDOM,AMC,N/A,0.0,0.0,,,NO_DATA,success,135.9,,,,,N/A,N/A,N/A,,,,,,
375,DAY,2020,3,2020-11-05,RANDOM,AMC,N/A,0.0,0.0,,,NO_DATA,success,99.3,,,,,N/A,N/A,N/A,,,,,,
376,TGT,2024,2,2024-08-21,RANDOM,AMC,N/A,0.0,0.0,,,NO_DATA,success,126.0,,,,,N/A,N/A,N/A,,,,,,
377,VMC,2021,3,2021-11-04,RANDOM,AMC,N/A,0.0,0.0,,,NO_DATA,success,113.5,,,,,N/A,N/A,N/A,,,,,,
378,OTIS,2024,4,2025-01-29,RANDOM,AMC,N/A,0.0,0.0,,,NO_DATA,success,117.2,,,,,N/A,N/A,N/A,,,,,,
379,DAL,2024,3,2024-10-10,RANDOM,AMC,N/A,0.0,0.0,,,NO_DATA,success,1.1,,,,,N/A,N/A,N/A,,,,,,
380,CSGP,2020,3,2020-10-29,RANDOM,AMC,N/A,0.0,0.0,,,NO_DATA,success,124.8,,,,,N/A,N/A,N/A,,,,,,
381,TDY,2020,2,2020-07-22,RANDOM,AMC,N/A,0.0,0.0,,,NO_DATA,success,114.7,,,,,N/A,N/A,N/A,,,,,,
382,TTD,2021,3,2021-11-08,RANDOM,AMC,N/A,0.0,0.0,,,NO_DATA,success,131.8,,,,,N/A,N/A,N/A,,,,,,
383,PKG,2024,2,2024-07-24,RANDOM,AMC,N/A,0.0,0.0,,,NO_DATA,success,130.7,,,,,N/A,N/A,N/A,,,,,,
384,MCO,2022,3,2022-10-26,RANDOM,AMC,N/A,0.0,0.0,,,NO_DATA,success,113.1,,,,,N/A,N/A,N/A,,,,,,
385,CLX,2023,3,2023-05-03,RANDOM,AMC,N/A,0.0,0.0,,,NO_DATA,success,0.6,,,,,N/A,N/A,N/A,,,,,,
386,MAR,2021,4,2022-02-15,RANDOM,AMC,N/A,0.0,0.0,,,NO_DATA,success,119.0,,,,,N/A,N/A,N/A,,,,,,
387,AKAM,2025,2,2025-08-08,RANDOM,AMC,N/A,0.0,0.0,,,NO_DATA,success,109.9,,,,,N/A,N/A,N/A,,,,,,
388,WMB,2025,2,2025-08-05,RANDOM,AMC,N/A,0.0,0.0,,,NO_DATA,success,102.8,,,,,N/A,N/A,N/A,,,,,,
389,CB,2020,2,2020-07-29,RANDOM,AMC,N/A,0.0,0.0,,,NO_DATA,success,98.8,,,,,N/A,N/A,N/A,,,,,,
390,MHK,2021,4,2022-02-11,RANDOM,AMC,N/A,0.0,0.0,,,NO_DATA,success,104.3,,,,,N/A,N/A,N/A,,,,,,
391,MET,2025,1,2025-05-01,RANDOM,AMC,N/A,0.0,0.0,,,NO_DATA,success,125.0,,,,,N/A,N/A,N/A,,,,,,
392,HII,2024,3,2024-10-31,RANDOM,AMC,N/A,0.0,0.0,,,NO_DATA,success,117.9,,,,,N/A,N/A,N/A,,,,,,
393,HWM,2022,2,2022-08-04,RANDOM,AMC,N/A,0.0,0.0,,,NO_DATA,success,115.3,,,,,N/A,N/A,N/A,,,,,,
394,META,2022,2,2022-08-01,RANDOM,AMC,N/A,0.0,0.0,,,NO_DATA,success,125.7,,,,,N/A,N/A,N/A,,,,,,
395,COIN,2025,2,2025-08-01,RANDOM,AMC,N/A,0.0,0.0,,,NO_DATA,success,104.8,,,,,N/A,N/A,N/A,,,,,,
396,LYB,2024,1,2024-04-26,RANDOM,AMC,N/A,0.0,0.0,,,NO_DATA,success,136.6,,,,,N/A,N/A,N/A,,,,,,
397,FOXA,2023,1,2022-11-01,RANDOM,AMC,N/A,0.0,0.0,,,NO_DATA,success,0.6,,,,,N/A,N/A,N/A,,,,,,
398,SWKS,2020,3,2020-07-24,RANDOM,AMC,N/A,0.0,0.0,,,NO_DATA,success,112.4,,,,,N/A,N/A,N/A,,,,,,
399,ROP,2021,3,2021-10-22,RANDOM,AMC,N/A,0.0,0.0,,,NO_DATA,success,122.8,,,,,N/A,N/A,N/A,,,,,,
400,PG,2021,2,2021-01-20,RANDOM,AMC,N/A,0.0,0.0,,,NO_DATA,success,116.2,,,,,N/A,N/A,N/A,,,,,,
401,MA,2022,1,2022-04-28,RANDOM,AMC,N/A,0.0,0.0,,,NO_DATA,success,129.6,,,,,N/A,N/A,N/A,,,,,,
402,PFG,2022,2,2022-08-09,RANDOM,AMC,N/A,0.0,0.0,,,NO_DATA,success,123.4,,,,,N/A,N/A,N/A,,,,,,
403,EBAY,2022,4,2023-02-23,RANDOM,AMC,N/A,0.0,0.0,,,NO_DATA,success,146.6,,,,,N/A,N/A,N/A,,,,,,
404,INTU,2024,4,2024-08-23,RANDOM,AMC,N/A,0.0,0.0,,,NO_DATA,success,144.3,,,,,N/A,N/A,N/A,,,,,,
405,MDLZ,2024,4,2025-02-05,RANDOM,AMC,N/A,0.0,0.0,,,NO_DATA,success,112.3,,,,,N/A,N/A,N/A,,,,,,
406,ALL,2022,1,2022-05-05,RANDOM,AMC,N/A,0.0,0.0,,,NO_DATA,success,143.7,,,,,N/A,N/A,N/A,,,,,,
407,WFC,2022,2,2022-07-15,RANDOM,AMC,N/A,0.0,0.0,,,NO_DATA,success,124.0,,,,,N/A,N/A,N/A,,,,,,
408,MO,2023,4,2024-02-01,RANDOM,AMC,N/A,0.0,0.0,,,NO_DATA,success,715.6,,,,,N/A,N/A,N/A,,,,,,
409,GL,2020,1,2020-04-23,RANDOM,AMC,N/A,0.0,0.0,,,NO_DATA,success,129.6,,,,,N/A,N/A,N/A,,,,,,
410,A,2023,4,2023-11-21,RANDOM,AMC,N/A,0.0,0.0,,,NO_DATA,success,712.9,,,,,N/A,N/A,N/A,,,,,,
411,DXCM,2021,4,2022-02-10,RANDOM,AMC,N/A,0.0,0.0,,,NO_DATA,success,115.0,,,,,N/A,N/A,N/A,,,,,,
412,LII,2021,1,2021-04-26,RANDOM,AMC,N/A,0.0,0.0,,,NO_DATA,success,713.4,,,,,N/A,N/A,N/A,,,,,,
413,YUM,2020,2,2020-07-30,RANDOM,AMC,N/A,0.0,0.0,,,NO_DATA,success,123.2,,,,,N/A,N/A,N/A,,,,,,
414,SLB,2021,4,2022-01-24,RANDOM,AMC,N/A,0.0,0.0,,,NO_DATA,success,0.8,,,,,N/A,N/A,N/A,,,,,,
415,DG,2024,2,2024-08-29,RANDOM,AMC,N/A,0.0,0.0,,,NO_DATA,success,0.8,,,,,N/A,N/A,N/A,,,,,,
416,LUV,2021,4,2022-01-27,RANDOM,AMC,N/A,0.0,0.0,,,NO_DATA,success,121.2,,,,,N/A,N/A,N/A,,,,,,
417,BIIB,2022,3,2022-10-25,RANDOM,AMC,N/A,0.0,0.0,,,NO_DATA,success,130.7,,,,,N/A,N/A,N/A,,,,,,
418,STE,2022,3,2022-02-09,RANDOM,AMC,N/A,0.0,0.0,,,NO_DATA,success,100.8,,,,,N/A,N/A,N/A,,,,,,
419,RL,2024,4,2024-05-23,RANDOM,AMC,N/A,0.0,0.0,,,NO_DATA,success,119.7,,,,,N/A,N/A,N/A,,,,,,
420,OKE,2025,2,2025-08-05,RANDOM,AMC,N/A,0.0,0.0,,,NO_DATA,success,111.7,,,,,N/A,N/A,N/A,,,,,,
421,PANW,2020,1,2019-11-26,RANDOM,AMC,N/A,0.0,0.0,,,NO_DATA,success,115.9,,,,,N/A,N/A,N/A,,,,,,
422,HUM,2023,2,2023-08-02,RANDOM,AMC,N/A,0.0,0.0,,,NO_DATA,success,0.8,,,,,N/A,N/A,N/A,,,,,,
423,KMI,2020,4,2021-01-21,RANDOM,AMC,N/A,0.0,0.0,,,NO_DATA,success,121.6,,,,,N/A,N/A,N/A,,,,,,
424,DRI,2021,1,2020-09-24,RANDOM,AMC,N/A,0.0,0.0,,,NO_DATA,success,133.0,,,,,N/A,N/A,N/A,,,,,,
425,DXCM,2023,1,2023-04-27,RANDOM,AMC,N/A,0.0,0.0,,,NO_DATA,success,0.7,,,,,N/A,N/A,N/A,,,,,,
426,DLTR,2023,3,2023-11-29,RANDOM,AMC,N/A,0.0,0.0,,,NO_DATA,success,0.6,,,,,N/A,N/A,N/A,,,,,,
427,KHC,2020,4,2021-02-11,RANDOM,AMC,N/A,0.0,0.0,,,NO_DATA,success,127.7,,,,,N/A,N/A,N/A,,,,,,
428,DELL,2020,3,2019-11-27,RANDOM,AMC,N/A,0.0,0.0,,,NO_DATA,success,106.9,,,,,N/A,N/A,N/A,,,,,,
429,SPG,2023,4,2024-02-06,RANDOM,AMC,N/A,0.0,0.0,,,NO_DATA,success,156.9,,,,,N/A,N/A,N/A,,,,,,
430,MLM,2021,3,2021-11-02,RANDOM,AMC,N/A,0.0,0.0,,,NO_DATA,success,114.9,,,,,N/A,N/A,N/A,,,,,,
431,BX,2025,2,2025-07-24,RANDOM,AMC,N/A,0.0,0.0,,,NO_DATA,success,116.2,,,,,N/A,N/A,N/A,,,,,,
432,PPL,2024,1,2024-05-01,RANDOM,AMC,N/A,0.0,0.0,,,NO_DATA,success,119.5,,,,,N/A,N/A,N/A,,,,,,
433,LEN,2024,4,2024-12-19,RANDOM,AMC,N/A,0.0,0.0,,,NO_DATA,success,108.1,,,,,N/A,N/A,N/A,,,,,,
434,TSN,2021,1,2021-02-11,RANDOM,AMC,N/A,0.0,0.0,,,NO_DATA,success,143.1,,,,,N/A,N/A,N/A,,,,,,
435,FSLR,2022,3,2022-10-31,RANDOM,AMC,N/A,0.0,0.0,,,NO_DATA,success,141.4,,,,,N/A,N/A,N/A,,,,,,
436,GPC,2023,1,2023-04-20,RANDOM,AMC,N/A,0.0,0.0,,,NO_DATA,success,0.7,,,,,N/A,N/A,N/A,,,,,,
437,GIS,2020,3,2020-03-18,RANDOM,AMC,N/A,0.0,0.0,,,NO_DATA,success,119.6,,,,,N/A,N/A,N/A,,,,,,
438,SPG,2025,1,2025-05-13,RANDOM,AMC,N/A,0.0,0.0,,,NO_DATA,success,133.6,,,,,N/A,N/A,N/A,,,,,,
439,DRI,2024,3,2024-03-21,RANDOM,AMC,N/A,0.0,0.0,,,NO_DATA,success,116.9,,,,,N/A,N/A,N/A,,,,,,
440,FANG,2022,4,2023-02-22,RANDOM,AMC,N/A,0.0,0.0,,,NO_DATA,success,115.5,,,,,N/A,N/A,N/A,,,,,,
441,RCL,2021,4,2022-02-04,RANDOM,AMC,N/A,0.0,0.0,,,NO_DATA,success,146.8,,,,,N/A,N/A,N/A,,,,,,
442,SYK,2024,4,2025-01-28,RANDOM,AMC,N/A,0.0,0.0,,,NO_DATA,success,128.8,,,,,N/A,N/A,N/A,,,,,,
443,ISRG,2025,1,2025-04-23,RANDOM,AMC,N/A,0.0,0.0,,,NO_DATA,success,108.8,,,,,N/A,N/A,N/A,,,,,,
444,MCK,2020,3,2020-02-04,RANDOM,AMC,N/A,0.0,0.0,,,NO_DATA,success,161.0,,,,,N/A,N/A,N/A,,,,,,
445,CSGP,2020,4,2021-02-25,RANDOM,AMC,N/A,0.0,0.0,,,NO_DATA,success,117.1,,,,,N/A,N/A,N/A,,,,,,
446,ARE,2025,1,2025-04-30,RANDOM,AMC,N/A,0.0,0.0,,,NO_DATA,success,114.2,,,,,N/A,N/A,N/A,,,,,,
447,APA,2020,1,2020-05-07,RANDOM,AMC,N/A,0.0,0.0,,,NO_DATA,success,138.4,,,,,N/A,N/A,N/A,,,,,,
448,CB,2022,4,2023-02-01,RANDOM,AMC,N/A,0.0,0.0,,,NO_DATA,success,133.9,,,,,N/A,N/A,N/A,,,,,,
449,BMY,2020,4,2021-02-04,RANDOM,AMC,N/A,0.0,0.0,,,NO_DATA,success,118.4,,,,,N/A,N/A,N/A,,,,,,
450,ABBV,2025,1,2025-04-25,RANDOM,AMC,N/A,0.0,0.0,,,NO_DATA,success,129.1,,,,,N/A,N/A,N/A,,,,,,
451,OKE,2022,4,2023-02-28,RANDOM,AMC,N/A,0.0,0.0,,,NO_DATA,success,121.8,,,,,N/A,N/A,N/A,,,,,,
452,GLW,2022,4,2023-01-31,RANDOM,AMC,N/A,0.0,0.0,,,NO_DATA,success,122.0,,,,,N/A,N/A,N/A,,,,,,
453,BALL,2022,4,2023-02-02,RANDOM,AMC,N/A,0.0,0.0,,,NO_DATA,success,112.1,,,,,N/A,N/A,N/A,,,,,,
454,UNH,2023,1,2023-04-14,RANDOM,AMC,N/A,0.0,0.0,,,NO_DATA,success,0.6,,,,,N/A,N/A,N/A,,,,,,
455,GOOGL,2024,1,2024-04-26,RANDOM,AMC,N/A,0.0,0.0,,,NO_DATA,success,107.6,,,,,N/A,N/A,N/A,,,,,,
456,HCA,2023,3,2023-10-24,RANDOM,AMC,N/A,0.0,0.0,,,NO_DATA,success,0.7,,,,,N/A,N/A,N/A,,,,,,
457,UNP,2022,2,2022-07-21,RANDOM,AMC,N/A,0.0,0.0,,,NO_DATA,success,127.0,,,,,N/A,N/A,N/A,,,,,,
458,MAS,2024,4,2025-02-11,RANDOM,AMC,N/A,0.0,0.0,,,NO_DATA,success,128.2,,,,,N/A,N/A,N/A,,,,,,
459,INTC,2022,2,2022-07-29,RANDOM,AMC,N/A,0.0,0.0,,,NO_DATA,success,147.3,,,,,N/A,N/A,N/A,,,,,,
460,PSA,2020,2,2020-08-06,RANDOM,AMC,N/A,0.0,0.0,,,NO_DATA,success,110.1,,,,,N/A,N/A,N/A,,,,,,
461,IQV,2020,4,2021-02-10,RANDOM,AMC,N/A,0.0,0.0,,,NO_DATA,success,130.6,,,,,N/A,N/A,N/A,,,,,,
462,CMCSA,2022,3,2022-10-27,RANDOM,AMC,N/A,0.0,0.0,,,NO_DATA,success,127.0,,,,,N/A,N/A,N/A,,,,,,
463,INVH,2024,1,2024-05-01,RANDOM,AMC,N/A,0.0,0.0,,,NO_DATA,success,128.1,,,,,N/A,N/A,N/A,,,,,,
464,EL,2023,1,2022-11-02,RANDOM,AMC,N/A,0.0,0.0,,,NO_DATA,success,0.7,,,,,N/A,N/A,N/A,,,,,,
465,BX,2023,3,2023-10-19,RANDOM,AMC,N/A,0.0,0.0,,,NO_DATA,success,0.6,,,,,N/A,N/A,N/A,,,,,,
466,IVZ,2022,3,2022-10-25,RANDOM,AMC,N/A,0.0,0.0,,,NO_DATA,success,0.6,,,,,N/A,N/A,N/A,,,,,,
467,DE,2022,4,2022-11-23,RANDOM,AMC,N/A,0.0,0.0,,,NO_DATA,success,107.5,,,,,N/A,N/A,N/A,,,,,,
468,WDAY,2020,2,2019-08-30,RANDOM,AMC,N/A,0.0,0.0,,,NO_DATA,success,101.6,,,,,N/A,N/A,N/A,,,,,,
469,NVDA,2022,1,2021-05-27,RANDOM,AMC,N/A,0.0,0.0,,,NO_DATA,success,114.3,,,,,N/A,N/A,N/A,,,,,,
470,MOS,2020,1,2020-05-06,RANDOM,AMC,N/A,0.0,0.0,,,NO_DATA,success,98.2,,,,,N/A,N/A,N/A,,,,,,
471,AIZ,2020,3,2020-11-03,RANDOM,AMC,N/A,0.0,0.0,,,NO_DATA,success,142.2,,,,,N/A,N/A,N/A,,,,,,
472,AVB,2020,4,2021-02-04,RANDOM,AMC,N/A,0.0,0.0,,,NO_DATA,success,115.5,,,,,N/A,N/A,N/A,,,,,,
473,AVB,2022,2,2022-07-28,RANDOM,AMC,N/A,0.0,0.0,,,NO_DATA,success,111.4,,,,,N/A,N/A,N/A,,,,,,
474,CCI,2024,4,2025-03-14,RANDOM,AMC,N/A,0.0,0.0,,,NO_DATA,success,126.8,,,,,N/A,N/A,N/A,,,,,,
475,HD,2021,1,2021-05-18,RANDOM,AMC,N/A,0.0,0.0,,,NO_DATA,success,123.2,,,,,N/A,N/A,N/A,,,,,,
476,VRSK,2024,3,2024-10-30,RANDOM,AMC,N/A,0.0,0.0,,,NO_DATA,success,106.3,,,,,N/A,N/A,N/A,,,,,,
477,GS,2023,1,2023-04-18,RANDOM,AMC,N/A,0.0,0.0,,,NO_DATA,success,0.6,,,,,N/A,N/A,N/A,,,,,,
478,GEV,2024,3,2024-10-23,RANDOM,AMC,N/A,0.0,0.0,,,NO_DATA,success,0.6,,,,,N/A,N/A,N/A,,,,,,
479,AWK,2020,3,2020-11-05,RANDOM,AMC,N/A,0.0,0.0,,,NO_DATA,success,102.2,,,,,N/A,N/A,N/A,,,,,,
480,CMS,2024,2,2024-07-25,RANDOM,AMC,N/A,0.0,0.0,,,NO_DATA,success,110.9,,,,,N/A,N/A,N/A,,,,,,
481,AON,2022,3,2022-10-28,RANDOM,AMC,N/A,0.0,0.0,,,NO_DATA,success,103.4,,,,,N/A,N/A,N/A,,,,,,
482,JKHY,2024,2,2024-02-07,RANDOM,AMC,N/A,0.0,0.0,,,NO_DATA,success,109.7,,,,,N/A,N/A,N/A,,,,,,
483,L,2024,1,2024-05-06,RANDOM,AMC,N/A,0.0,0.0,,,NO_DATA,success,95.1,,,,,N/A,N/A,N/A,,,,,,
484,ZBH,2021,1,2021-05-04,RANDOM,AMC,N/A,0.0,0.0,,,NO_DATA,success,136.0,,,,,N/A,N/A,N/A,,,,,,
485,GE,2021,4,2022-01-25,RANDOM,AMC,N/A,0.0,0.0,,,NO_DATA,success,109.5,,,,,N/A,N/A,N/A,,,,,,
486,KMB,2023,2,2023-07-25,RANDOM,AMC,N/A,0.0,0.0,,,NO_DATA,success,0.7,,,,,N/A,N/A,N/A,,,,,,
487,BKNG,2022,2,2022-08-04,RANDOM,AMC,N/A,0.0,0.0,,,NO_DATA,success,117.4,,,,,N/A,N/A,N/A,,,,,,
488,TPL,2021,1,2021-05-07,RANDOM,AMC,N/A,0.0,0.0,,,NO_DATA,success,127.9,,,,,N/A,N/A,N/A,,,,,,
489,AME,2023,2,2023-08-01,RANDOM,AMC,N/A,0.0,0.0,,,NO_DATA,success,0.6,,,,,N/A,N/A,N/A,,,,,,
490,ECL,2024,4,2025-02-11,RANDOM,AMC,N/A,0.0,0.0,,,NO_DATA,success,102.9,,,,,N/A,N/A,N/A,,,,,,
491,FITB,2023,4,2024-01-19,RANDOM,AMC,N/A,0.0,0.0,,,NO_DATA,success,147.0,,,,,N/A,N/A,N/A,,,,,,
492,MSI,2023,1,2023-05-05,RANDOM,AMC,N/A,0.0,0.0,,,NO_DATA,success,0.6,,,,,N/A,N/A,N/A,,,,,,
493,BSX,2021,3,2021-11-02,RANDOM,AMC,N/A,0.0,0.0,,,NO_DATA,success,100.8,,,,,N/A,N/A,N/A,,,,,,
494,DLR,2022,4,2023-02-17,RANDOM,AMC,N/A,0.0,0.0,,,NO_DATA,success,106.0,,,,,N/A,N/A,N/A,,,,,,
495,BK,2022,3,2022-10-17,RANDOM,AMC,N/A,0.0,0.0,,,NO_DATA,success,98.5,,,,,N/A,N/A,N/A,,,,,,
496,YUM,2022,3,2022-11-02,RANDOM,AMC,N/A,0.0,0.0,,,NO_DATA,success,97.6,,,,,N/A,N/A,N/A,,,,,,
497,AMP,2023,4,2024-01-25,RANDOM,AMC,N/A,0.0,0.0,,,NO_DATA,success,119.3,,,,,N/A,N/A,N/A,,,,,,
498,TMUS,2020,3,2020-11-09,RANDOM,AMC,N/A,0.0,0.0,,,NO_DATA,success,112.6,,,,,N/A,N/A,N/A,,,,,,
499,OKE,2023,4,2024-02-27,RANDOM,AMC,N/A,0.0,0.0,,,NO_DATA,success,127.4,,,,,N/A,N/A,N/A,,,,,,
500,NOC,2024,3,2024-10-24,RANDOM,AMC,N/A,0.0,0.0,,,NO_DATA,success,95.3,,,,,N/A,N/A,N/A,,,,,,
